{"exact": 78.66588056935905, "f1": 82.07827902889636, "total": 11873, "HasAns_exact": 74.64574898785425, "HasAns_f1": 81.4803317999471, "HasAns_total": 5928, "NoAns_exact": 82.67451640033642, "NoAns_f1": 82.67451640033642, "NoAns_total": 5945}