{"exact": 65.02147730144024, "f1": 68.4728886662807, "total": 11873, "HasAns_exact": 66.97031039136303, "HasAns_f1": 73.88303089317655, "HasAns_total": 5928, "NoAns_exact": 63.07821698906644, "NoAns_f1": 63.07821698906644, "NoAns_total": 5945}